"ObjNAME","ObjTYPE","ObjREFERENCE"
"/ASBHA-ESDV-381353","SCINST","/ASBH-2""-PHS-381309-FD6",""
"/ASBHA-SDV-380809","SCINST","/ASBH-4""-PHS-381306-FS1",""
"/ASBHA-ESDV-381351","SCINST","/ASBH-24""-PHS-381304-FD6",""
"/ASBHA-ESDV-381352","SCINST","/ASBH-24""-PHS-381304-FD6",""
"/ASBHA-XCV-381301","SCINST","/ASBH-24""-PHS-381304-FD6",""
"/ASBHA-XCV-381302","SCINST","/ASBH-24""-PHS-381304-FD6",""
"/ASBHA-PSV-381361","SCINST","/ASBH-3""-PHS-381302-FD1",""
"/ASBHA-XCV-381307","SCINST","/ASBH-24""-PHS-341302-FD1",""
"/ASBHA-PCV-340113","SCINST","/ASBH-24""-PHS-341302-FD1",""
"/ASBHA-XCV-381507","SCINST","/ASBH-20""-PHS-341502-FD1",""
"/ASBHA-PCV-340115","SCINST","/ASBH-20""-PHS-341502-FD1",""
"/ASBHA-PSV-381561","SCINST","/ASBH-3""-PHS-381502-FD1",""
"/ASBHA-ESDV-381551","SCINST","/ASBH-18""-PHS-381504-FD6",""
"/ASBHA-ESDV-381552","SCINST","/ASBH-18""-PHS-381504-FD6",""
"/ASBHA-XCV-381501","SCINST","/ASBH-18""-PHS-381504-FD6",""
"/ASBHA-XCV-381502","SCINST","/ASBH-18""-PHS-381504-FD6",""
"/ASBHA-SDV-380829","SCINST","/ASBH-4""-PHS-381506-FS1",""
"/ASBHA-ESDV-381553","SCINST","/ASBH-2""-PHS-381509-FD6",""
"/ASBHA-RO-341152","SCINST","/ASBH-4""-PHS-340083-FS1",""
"/ASBHA-SDV-341104","SCINST","/ASBH-30""-PHS-340008-FD1",""
"/ASBHA-BDV-341101","SCINST","/ASBH-4""-PHS-342211-FD1",""
"/ASBHA-SDV-341102","SCINST","/ASBH-24""-GPS-340357-AX2",""
"/ASBHA-XCV-500122","SCINST","/ASBH-3""-DPS-500019-BM1",""
"/ASBHA-XCV-500123","SCINST","/ASBH-3""-DPS-500016-BM1",""
"/ASBHA-XCV-500121","SCINST","/ASBH-3""-DPS-500018-BM1",""
"/ASBHA-SDV-341106","SCINST","/ASBH-20""-OCS-340002-BD1",""
"/ASBHA-SDV-390430","SCINST","/ASBH-0.5""-CF-390017-IT1",""
"/ASBHA-SDV-341105","SCINST","/ASBH-2""-PHS-340072-FD1",""
"/ASBHA-RO-341155","SCINST","/ASBH-2""-PHS-340071-AD4",""
"/ASBHA-PSV-341161A","SCINST","/ASBH-14""-GPS-340077-AX2",""
"/ASBHA-PSV-341161B","SCINST","/ASBH-14""-GPS-340078-AX2",""
"/ASBHA-PSV-341161C","SCINST","/ASBH-14""-GPS-340009-AX2",""
"/ASBHA-BDV-341153","SCINST","/ASBH-2""-GPS-340058-AX2",""
"/ASBHA-RO-341154","SCINST","/ASBH-2""-GPS-340058-AX2",""
"/ASBHA-PCV-341111","SCINST","/ASBH-24""-GPS-340054-AX2",""
"/ASBHA-FCV-341147","SCINST","/ASBH-10""-OCS-340063-BD1",""
"/ASBHA--34","SCINST","/ASBH-16""-OCS-340014-BD1",""
"/ASBHA-FCV-341103","SCINST","/ASBH-16""-OCS-340014-BD1",""
"/ASBHA-FE-341147","SCINST","/ASBH-16""-OCS-340074-BD1",""
"/ASBHA-XCV-341131","SCINST","/ASBH-16""-OCS-340074-BD1",""
"/ASBHA-FE-341247","SCINST","/ASBH-16""-OCS-340007-BD1",""
"/ASBHA-XCV-341231","SCINST","/ASBH-16""-OCS-340007-BD1",""
"/ASBHA-FCV-341247","SCINST","/ASBH-10""-OCS-340079-BD1",""
"/ASBHA-PSV-380707","SCINST","/ASBH-3""-GPS-380702-AD4",""
"/ASBHA-ESDV-380751","SCINST","/ASBH-16""-GPS-380704-AD5",""
"/ASBHA-ESDV-380752","SCINST","/ASBH-16""-GPS-380704-AD5",""
"/ASBHA-XCV-380701","SCINST","/ASBH-16""-GPS-380704-AD5",""
"/ASBHA-XCV-380702","SCINST","/ASBH-16""-GPS-380704-AD5",""
"/ASBHA-XCV-380708","SCINST","/ASBH-16""-GPS-340702-AD4",""
"/ASBHA-PCV-340207","SCINST","/ASBH-16""-GPS-340702-AD4",""
"/ASBHA-XCV-380908","SCINST","/ASBH-10""-GPS-340902-AD4",""
"/ASBHA-PCV-340209","SCINST","/ASBH-10""-GPS-340902-AD4",""
"/ASBHA-PSV-380907","SCINST","/ASBH-3""-GPS-380902-AD4",""
"/ASBHA-ESDV-380951","SCINST","/ASBH-16""-GPS-380904-AD5",""
"/ASBHA-ESDV-380952","SCINST","/ASBH-16""-GPS-380904-AD5",""
"/ASBHA-XCV-380901","SCINST","/ASBH-16""-GPS-380904-AD5",""
"/ASBHA-XCV-380902","SCINST","/ASBH-16""-GPS-380904-AD5",""
"/ASBHA-XCV-381008","SCINST","/ASBH-16""-GPS-341002-AD4",""
"/ASBHA-PCV-340210","SCINST","/ASBH-16""-GPS-341002-AD4",""
"/ASBHA-PSV-381007","SCINST","/ASBH-3""-GPS-381002-AD4",""
"/ASBHA-ESDV-381051","SCINST","/ASBH-20""-GPS-381004-AD5",""
"/ASBHA-ESDV-381052","SCINST","/ASBH-20""-GPS-381004-AD5",""
"/ASBHA-XCV-381001","SCINST","/ASBH-20""-GPS-381004-AD5",""
"/ASBHA-XCV-381002","SCINST","/ASBH-20""-GPS-381004-AD5",""
"/ASBHA-XCV-381108","SCINST","/ASBH-14""-GPS-341102-AD4",""
"/ASBHA-PCV-340211","SCINST","/ASBH-14""-GPS-341102-AD4",""
"/ASBHA-PSV-381107","SCINST","/ASBH-3""-GPS-381102-AD4",""
"/ASBHA-ESDV-381151","SCINST","/ASBH-20""-GPS-381104-AD5",""
"/ASBHA-ESDV-381152","SCINST","/ASBH-20""-GPS-381104-AD5",""
"/ASBHA-XCV-381101","SCINST","/ASBH-20""-GPS-381104-AD5",""
"/ASBHA-XCV-381102","SCINST","/ASBH-20""-GPS-381104-AD5",""
"/ASBHA-XCV-381208","SCINST","/ASBH-14""-GPS-341202-AD4",""
"/ASBHA-PCV-340212","SCINST","/ASBH-14""-GPS-341202-AD4",""
"/ASBHA-PSV-381207","SCINST","/ASBH-3""-GPS-381202-AD4",""
"/ASBHA-ESDV-381251","SCINST","/ASBH-20""-GPS-381204-AD5",""
"/ASBHA-ESDV-381252","SCINST","/ASBH-20""-GPS-381204-AD5",""
"/ASBHA-XCV-381201","SCINST","/ASBH-20""-GPS-381204-AD5",""
"/ASBHA-XCV-381202","SCINST","/ASBH-20""-GPS-381204-AD5",""
"/ASBHA-XCV-383708","SCINST","/ASBH-12""-GPS-343702-AD4",""
"/ASBHA-PCV-340237","SCINST","/ASBH-12""-GPS-343702-AD4",""
"/ASBHA-PSV-383707","SCINST","/ASBH-3""-GPS-383702-AD4",""
"/ASBHA-ESDV-383751","SCINST","/ASBH-18""-GPS-383704-AD5",""
"/ASBHA-ESDV-383752","SCINST","/ASBH-18""-GPS-383704-AD5",""
"/ASBHA-XCV-383701","SCINST","/ASBH-18""-GPS-383704-AD5",""
"/ASBHA-XCV-383702","SCINST","/ASBH-18""-GPS-383704-AD5",""
"/ASBHA-SDV-341221","SCINST","/ASBH-34""-GPS-340106-AD4",""
"/ASBHA-BDV-341251","SCINST","/ASBH-10""-FHS-400023-AD4",""
"/ASBHA-RO-341201","SCINST","/ASBH-10""-FHS-400023-AD4",""
"/ASBHA-SDV-341222","SCINST","/ASBH-30""-GPS-340011-AX2",""
"/ASBHA-PCV-341220","SCINST","/ASBH-30""-GPS-340110-AX2",""
"/ASBHA-SDV-341223","SCINST","/ASBH-4""-OCS-340315-BD1",""
"/ASBHA-PSV-341207","SCINST","/ASBH-6""-GPS-340112-AX2",""
"/ASBHA-BDV-341224","SCINST","/ASBH-3""-GPS-340109-AX1",""
"/ASBHA-RO-341252","SCINST","/ASBH-3""-GPS-340109-AX1",""
"/ASBHA-FE-341341","SCINST","/ASBH-3""-OCS-340318-BD1",""
"/ASBHA-FCV-341341","SCINST","/ASBH-3""-OCS-340318-BD1",""
"/ASBHA-XCV-341310","SCINST","/ASBH-3""-OCS-340316-BD1",""
"/ASBHA-FO-341311","SCINST","/ASBH-2""-OCS-340319-BD1",""
"/ASBHA-XCV-341410","SCINST","/ASBH-3""-OCS-340321-BD1",""
"/ASBHA-FO-341411","SCINST","/ASBH-2""-OCS-340322-BD1",""
"/ASBHA-XCV-380108","SCINST","/ASBH-10""-OCS-340102-BD1",""
"/ASBHA-PSV-380105","SCINST","/ASBH-3""-OCS-380102-BD1",""
"/ASBHA-ESDV-380151","SCINST","/ASBH-10""-OCS-380104-BD2",""
"/ASBHA-ESDV-380152","SCINST","/ASBH-10""-OCS-380104-BD2",""
"/ASBHA-XCV-380101","SCINST","/ASBH-10""-OCS-380104-BD2",""
"/ASBHA-XCV-380102","SCINST","/ASBH-10""-OCS-380104-BD2",""
"/ASBHA-PSV-380205","SCINST","/ASBH-3""-OCS-380202-BD1",""
"/ASBHA-ESDV-380251","SCINST","/ASBH-16""-OCS-380204-BD2",""
"/ASBHA-ESDV-380252","SCINST","/ASBH-16""-OCS-380204-BD2",""
"/ASBHA-XCV-380201","SCINST","/ASBH-16""-OCS-380204-BD2",""
"/ASBHA-XCV-380202","SCINST","/ASBH-16""-OCS-380204-BD2",""
"/ASBHA-XCV-380208","SCINST","/ASBH-14""-OCS-340202-BD1",""
"/ASBHA-XCV-380308","SCINST","/ASBH-8""-OCS-340302-BD1",""
"/ASBHA-PSV-380305","SCINST","/ASBH-3""-OCS-380302-BD1",""
"/ASBHA-ESDV-380351","SCINST","/ASBH-10""-OCS-380304-BD2",""
"/ASBHA-ESDV-380352","SCINST","/ASBH-10""-OCS-380304-BD2",""
"/ASBHA-XCV-380301","SCINST","/ASBH-10""-OCS-380304-BD2",""
"/ASBHA-XCV-380302","SCINST","/ASBH-10""-OCS-380304-BD2",""
"/ASBHA-XCV-380408","SCINST","/ASBH-14""-OCS-340402-BD1",""
"/ASBHA-PSV-380405","SCINST","/ASBH-3""-OCS-380402-BD1",""
"/ASBHA-ESDV-380451","SCINST","/ASBH-16""-OCS-380404-BD2",""
"/ASBHA-ESDV-380452","SCINST","/ASBH-16""-OCS-380404-BD2",""
"/ASBHA-XCV-380401","SCINST","/ASBH-16""-OCS-380404-BD2",""
"/ASBHA-XCV-380402","SCINST","/ASBH-16""-OCS-380404-BD2",""
"/ASBHA-XCV-380508","SCINST","/ASBH-10""-OCS-340502-BD1",""
"/ASBHA-PSV-380505","SCINST","/ASBH-3""-OCS-380502-BD1",""
"/ASBHA-ESDV-380551","SCINST","/ASBH-12""-OCS-380504-BD2",""
"/ASBHA-ESDV-380552","SCINST","/ASBH-12""-OCS-380504-BD2",""
"/ASBHA-XCV-380501","SCINST","/ASBH-12""-OCS-380504-BD2",""
"/ASBHA-XCV-380502","SCINST","/ASBH-12""-OCS-380504-BD2",""
"/ASBHA-ESDV-380651","SCINST","/ASBH-10""-OCS-380604-BD2",""
"/ASBHA-ESDV-380652","SCINST","/ASBH-10""-OCS-380604-BD2",""
"/ASBHA-XCV-380601","SCINST","/ASBH-10""-OCS-380604-BD2",""
"/ASBHA-XCV-380602","SCINST","/ASBH-10""-OCS-380604-BD2",""
"/ASBHA-XCV-380608","SCINST","/ASBH-8""-OCS-340602-BD1",""
"/ASBHA-PSV-380605","SCINST","/ASBH-3""-OCS-380602-BD1",""
"/ASBHA-XCV-383508","SCINST","/ASBH-8""-OCS-343502-BD1",""
"/ASBHA-PSV-383505","SCINST","/ASBH-3""-OCS-383502-BD1",""
"/ASBHA-ESDV-383551","SCINST","/ASBH-8""-OCS-383504-BD2",""
"/ASBHA-ESDV-383552","SCINST","/ASBH-8""-OCS-383504-BD2",""
"/ASBHA-XCV-383501","SCINST","/ASBH-8""-OCS-383504-BD2",""
"/ASBHA-XCV-383502","SCINST","/ASBH-8""-OCS-383504-BD2",""
"/ASBHA-ESDV-340029","SCINST","/ASBH-26""-OCS-340039-BD1",""
"/ASBHA-SDV-340021","SCINST","/ASBH-16""-OCS-340040-BD1",""
"/ASBHA-FCV-340041","SCINST","/ASBH-16""-OCS-340040-BD1",""
"/ASBHA-FE-340041","SCINST","/ASBH-16""-OCS-340040-BD1",""
"/ASBHA-ESDV-340026","SCINST","/ASBH-16""-OCS-340040-BD1",""
"/ASBHA-PSV-340001A","SCINST","/ASBH-14""-OCS-340042-BD1",""
"/ASBHA-PSV-340001B","SCINST","/ASBH-14""-OCS-340046-BD1",""
"/ASBHA-SDV-340011","SCINST","/ASBH-2""-GPS-340139-AX2",""
"/ASBHA-LCV-340045","SCINST","/ASBH-2""-GPS-340139-AX2",""
"/ASBHA-ESDV-340022","SCINST","/ASBH-20""-GPS-340135-AX2",""
"/ASBHA-BDV-341202","SCINST","/ASBH-2""-GPS-340134-AX2",""
"/ASBHA-RO-341203","SCINST","/ASBH-2""-GPS-340134-AX2",""
"/ASBHA-PCV-440011","SCINST","/ASBH-10""-GPS-440003-ED1-P",""
"/ASBHA-FE-440001","SCINST","/ASBH-10""-GPS-440003-ED1-P",""
"/ASBHA-ESDV-440021","SCINST","/ASBH-10""-GPS-440003-ED1-P",""
"/ASBHA-XCV-381908","SCINST","/ASBH-6""-GPS-441902-ED1-P",""
"/ASBHA-FE-442001","SCINST","/ASBH-8""-GPS-442002-ED1-P",""
"/ASBHA-XCV-382008","SCINST","/ASBH-8""-GPS-442002-ED1-P",""
"/ASBHA-FE-442141","SCINST","/ASBH-8""-GPS-442102-ED1-P",""
"/ASBHA-XCV-382108","SCINST","/ASBH-8""-GPS-442102-ED1-P",""
"/ASBHA-FE-443901","SCINST","/ASBH-6""-GPS-443902-ED1-P",""
"/ASBHA-XCV-383908","SCINST","/ASBH-6""-GPS-443902-ED1-P",""
"/ASBHA-BDV-442101","SCINST","/ASBH-3""-GPS-440020-FS1",""
"/ASBHA-RO-441001","SCINST","/ASBH-3""-GPS-440020-FS1",""
"/ASBHA-FE-441701","SCINST","/ASBH-6""-GPS-441702-ED1-P",""
"/ASBHA-XCV-381708","SCINST","/ASBH-6""-GPS-441702-ED1-P",""
"/ASBHA--44","SCINST","/ASBH-6""-GPS-441802-ED1-P",""
"/ASBHA-XCV-381808","SCINST","/ASBH-6""-GPS-441802-ED1-P",""
"/ASBHA-PSV-570101A","SCINST","/ASBH-2""-GFS-570006-BX1",""
"/ASBHA-PSV-570101B","SCINST","/ASBH-2""-GFS-570024-BX1",""
"/ASBHA-SDV-570022","SCINST","/ASBH-3""-GFS-570005-ED1-T",""
"/ASBHA-SDV-570023","SCINST","/ASBH-3""-GFS-570028-FD1-T",""
"/ASBHA-ESDV-571001","SCINST","/ASBH-2""-GFS-570007-BX1-T",""
"/ASBHA--57","SCINST","/ASBH-2""-GFS-570007-BX1-T",""
"/ASBHA-ESDV-571002","SCINST","/ASBH-2""-GFS-570008-BX1-T",""
"/ASBHA-PCV-570024B","SCINST","/ASBH-4""-GFS-574796-BX1-T",""
"/ASBHA-PSV-381707","SCINST","/ASBH-3""-GPS-381702-ED1-P",""
"/ASBHA-XCV-381702","SCINST","/ASBH-6""-GPS-381704-ED3-P",""
"/ASBHA-XCV-381701","SCINST","/ASBH-6""-GPS-381704-ED3-P",""
"/ASBHA-ESDV-381752","SCINST","/ASBH-6""-GPS-381704-ED3-P",""
"/ASBHA-ESDV-381751","SCINST","/ASBH-6""-GPS-381704-ED3-P",""
"/ASBHA-ESDV-381753","SCINST","/ASBH-2""-GPS-381707-ED3-P",""
"/ASBHA-RO-381701","SCINST","/ASBH-2""-GPS-381707-ED3-P",""
"/ASBHA-SDV-400002","SCINST","/ASBH-4""-FHS-401803-ED1",""
"/ASBHA-RO-400051","SCINST","/ASBH-4""-FHS-401803-ED1",""
"/ASBHA-PSV-381807","SCINST","/ASBH-3""-GPS-381802-ED1-P",""
"/ASBHA-XCV-381802","SCINST","/ASBH-6""-GPS-381804-ED3-P",""
"/ASBHA-XCV-381801","SCINST","/ASBH-6""-GPS-381804-ED3-P",""
"/ASBHA-ESDV-381852","SCINST","/ASBH-6""-GPS-381804-ED3-P",""
"/ASBHA-ESDV-381851","SCINST","/ASBH-6""-GPS-381804-ED3-P",""
"/ASBHA-ESDV-381853","SCINST","/ASBH-2""-GPS-381807-ED3-P",""
"/ASBHA-RO-381801","SCINST","/ASBH-2""-GPS-381807-ED3-P",""
"/ASBHA-PSV-381907","SCINST","/ASBH-3""-GPS-381902-ED1-P",""
"/ASBHA-XCV-381902","SCINST","/ASBH-6""-GPS-381904-ED3-P",""
"/ASBHA-XCV-381901","SCINST","/ASBH-6""-GPS-381904-ED3-P",""
"/ASBHA-ESDV-381952","SCINST","/ASBH-6""-GPS-381904-ED3-P",""
"/ASBHA-ESDV-381951","SCINST","/ASBH-6""-GPS-381904-ED3-P",""
"/ASBHA-ESDV-381953","SCINST","/ASBH-2""-GPS-381907-ED3-P",""
"/ASBHA-RO-381901","SCINST","/ASBH-2""-GPS-381907-ED3-P",""
"/ASBHA-PSV-382007","SCINST","/ASBH-3""-GPS-382002-ED1-P",""
"/ASBHA-XCV-382002","SCINST","/ASBH-10""-GPS-382004-ED3-P",""
"/ASBHA-XCV-382001","SCINST","/ASBH-10""-GPS-382004-ED3-P",""
"/ASBHA-ESDV-382052","SCINST","/ASBH-10""-GPS-382004-ED3-P",""
"/ASBHA-ESDV-382051","SCINST","/ASBH-10""-GPS-382004-ED3-P",""
"/ASBHA-ESDV-382053","SCINST","/ASBH-2""-GPS-382007-ED3-P",""
"/ASBHA-RO-382001","SCINST","/ASBH-2""-GPS-382007-ED3-P",""
"/ASBHA-PSV-382107","SCINST","/ASBH-3""-GPS-384001-ED1-P",""
"/ASBHA-XCV-382102","SCINST","/ASBH-10""-GPS-382104-ED3-P",""
"/ASBHA-XCV-382101","SCINST","/ASBH-10""-GPS-382104-ED3-P",""
"/ASBHA-ESDV-382152","SCINST","/ASBH-10""-GPS-382104-ED3-P",""
"/ASBHA-ESDV-382151","SCINST","/ASBH-10""-GPS-382104-ED3-P",""
"/ASBHA-ESDV-382153","SCINST","/ASBH-2""-GPS-382107-ED3-P",""
"/ASBHA-RO-382101","SCINST","/ASBH-2""-GPS-382107-ED3-P",""
"/ASBHA-PSV-383907","SCINST","/ASBH-3""-GPS-383902-ED1-P",""
"/ASBHA-XCV-383902","SCINST","/ASBH-10""-GPS-383904-ED3-P",""
"/ASBHA-XCV-383901","SCINST","/ASBH-10""-GPS-383904-ED3-P",""
"/ASBHA-ESDV-383952","SCINST","/ASBH-10""-GPS-383904-ED3-P",""
"/ASBHA-ESDV-383951","SCINST","/ASBH-10""-GPS-383904-ED3-P",""
"/ASBHA-ESDV-383953","SCINST","/ASBH-2""-GPS-383907-ED3-P",""
"/ASBHA-RO-383901","SCINST","/ASBH-2""-GPS-383907-ED3-P",""
"/ASBHA-BDV-450101","SCINST","/ASBH-3""-GPS-450010-GS1",""
"/ASBHA-RO-450041","SCINST","/ASBH-3""-GPS-450010-GS1",""
"/ASBHA-SDV-400003","SCINST","/ASBH-4""-FHS-402403-FD1",""
"/ASBHA-RO-400052","SCINST","/ASBH-4""-FHS-402403-FD1",""
"/ASBHA-PSV-382407","SCINST","/ASBH-3""-GPS-382402-FD1",""
"/ASBHA-XCV-382402","SCINST","/ASBH-10""-GPS-382404-FD7",""
"/ASBHA-XCV-382401","SCINST","/ASBH-10""-GPS-382404-FD7",""
"/ASBHA-ESDV-382452","SCINST","/ASBH-10""-GPS-382404-FD7",""
"/ASBHA-ESDV-382451","SCINST","/ASBH-10""-GPS-382404-FD7",""
"/ASBHA-ESDV-382453","SCINST","/ASBH-2""-GPS-382407-FD7",""
"/ASBHA-RO-382411","SCINST","/ASBH-2""-GPS-382407-FD7",""
"/ASBHA-FE-452601","SCINST","/ASBH-8""-GPS-452601-FD1",""
"/ASBHA-XCV-382608","SCINST","/ASBH-8""-GPS-452601-FD1",""
"/ASBHA-FE-452401","SCINST","/ASBH-8""-GPS-450016-FD1",""
"/ASBHA-XCV-382408","SCINST","/ASBH-8""-GPS-450016-FD1",""
"/ASBHA-PSV-382607","SCINST","/ASBH-3""-GPS-382602-FD1",""
"/ASBHA-XCV-382602","SCINST","/ASBH-10""-GPS-382604-FD7",""
"/ASBHA-XCV-382601","SCINST","/ASBH-10""-GPS-382604-FD7",""
"/ASBHA-ESDV-382652","SCINST","/ASBH-10""-GPS-382604-FD7",""
"/ASBHA-ESDV-382651","SCINST","/ASBH-10""-GPS-382604-FD7",""
"/ASBHA-ESDV-382653","SCINST","/ASBH-2""-GPS-382607-FD7",""
"/ASBHA-RO-382611","SCINST","/ASBH-2""-GPS-382607-FD7",""
"/ASBHA-XCV-382709","SCINST","/ASBH-26""-WOS-270304-BX1-P",""
"/ASBHA-PSV-382707","SCINST","/ASBH-3""-WOS-380254-BX1",""
"/ASBHA-XCV-382702","SCINST","/ASBH-26""-WOS-380251-BD2-P",""
"/ASBHA-XCV-382701","SCINST","/ASBH-26""-WOS-380251-BD2-P",""
"/ASBHA-XCV-382509","SCINST","/ASBH-26""-WOS-270003-BX1-P",""
"/ASBHA-XCV-382502","SCINST","/ASBH-26""-WOS-380257-BD2-P",""
"/ASBHA-XCV-382501","SCINST","/ASBH-26""-WOS-380257-BD2-P",""
"/ASBHA-PSV-382507","SCINST","/ASBH-3""-WOS-380260-BX1-P",""
"/ASBHA-FE-351101","SCINST","/ASBH-20""-WI-350031-BD1",""
"/ASBHA-PSV-351110A","SCINST","/ASBH-10""-WI-350038-BD1",""
"/ASBHA-FCV-351101","SCINST","/ASBH-12""-WI-359002-BD1",""
"/ASBHA-PSV-351110B","SCINST","/ASBH-10""-WI-350039-BD1",""
"/ASBHA-FO-351154","SCINST","/ASBH-2""-WI-350036-BD1",""
"/ASBHA-FE-352101","SCINST","/ASBH-20""-WI-350045-BD1",""
"/ASBHA-FCV-352101","SCINST","/ASBH-12""-WI-350047-BD1",""
"/ASBHA-PSV-352110A","SCINST","/ASBH-10""-WI-350052-BD1",""
"/ASBHA-FO-352154","SCINST","/ASBH-2""-WI-350050-BD1",""
"/ASBHA-PSV-352110B","SCINST","/ASBH-10""-WI-350053-BD1",""
"/ASBHA-FE-351301","SCINST","/ASBH-26""-WI-350059-FD1",""
"/ASBHA-LCV-351104","SCINST","/ASBH-26""-WI-350059-FD1",""
"/ASBHA-SDV-350001","SCINST","/ASBH-26""-WI-350059-FD1",""
"/ASBHA-FCV-351301","SCINST","/ASBH-12""-WI-350060-FD1",""
"/ASBHA-PSV-801002","SCINST","/ASBH-2""-WC-801004-AD1",""
"/ASBHA-PSV-801001","SCINST","/ASBH-2""-WC-801002-AD1",""
"/ASBHA-RO-570120","SCINST","/ASBH-2""-FHS-579881-BX1",""
"/ASBHA-PCV-351006","SCINST","/ASBH-3""-WI-355039-FD1",""
"/ASBHA-TCV-350001","SCINST","/ASBH-3""-WI-355036-FD1",""
"/ASBHA-FO-350007","SCINST","/ASBH-0.5""-WI-355049-FD1",""
"/ASBHA-PCV-581007","SCINST","/ASBH-2""-WI-585061-FD1",""
"/ASBHA-PLV-350001","SCINST","/ASBH-2""-WI-355062-FD1",""
"/ASBHA-PLV-350003","SCINST","=1073780026/14546",""
"/ASBHA-PLV-350002","SCINST","=1073780026/14592",""
"/ASBHA-FO-350006","SCINST","/ASBH-3""-WI-355051-FD1",""
"/ASBHA-FO-350005","SCINST","/ASBH-1""-WI-355066-FD1",""
"/ASBHA-FE-352301","SCINST","/ASBH-20""-WI-350069-FD1",""
"/ASBHA-LCV-352104","SCINST","/ASBH-20""-WI-350069-FD1",""
"/ASBHA-SDV-350002","SCINST","/ASBH-20""-WI-350069-FD1",""
"/ASBHA-FCV-352301","SCINST","/ASBH-12""-WI-350070-FD1",""
"/Copy-of-ASBHA--57","SCINST","/ASBH-2""-GFS-574799-BX1-T",""
"/ASBHA-RO-571120","SCINST","/ASBH-2""-FHS-571036-BX1",""
"/ASBHA-XCV-342113","SCINST","/ASBH-2""-WOS-340068-BM1",""
"/ASBHA-XCV-342112","SCINST","/ASBH-2""-WOS-349002-BM1",""
"/ASBHA-FE-350306","SCINST","/ASBH-4""-WI-350362-BD1",""
"/ASBHA-FCV-350306","SCINST","/ASBH-4""-WI-350362-BD1",""
"/ASBHA-XCV-352753","SCINST","/ASBH-4""-WI-350362-BD1",""
"/ASBHA-PSV-342315","SCINST","/ASBH-3""-WOS-340067-BM1",""
"/ASBHA-PDCV-342230","SCINST","/ASBH-4""-WOS-340162-BM1",""
"/ASBHA-XCV-342115","SCINST","/ASBH-4""-WOS-340162-BM1",""
"/ASBHA-SDV-341619","SCINST","/ASBH-4""-WOS-349009-BM1",""
"/ASBHA-FE-350307","SCINST","/ASBH-2""-WI-350100-BD1",""
"/ASBHA-FCV-350307","SCINST","/ASBH-2""-WI-350100-BD1",""
"/ASBHA-XCV-352752","SCINST","/ASBH-2""-WI-350100-BD1",""
"/ASBHA-PCV-350352","SCINST","/ASBH-4""-WI-350011-BD1",""
"/ASBHA-XCV-342114","SCINST","/ASBH-2""-WOS-340160-BM1",""
"/ASBHA-XCV-343001","SCINST","/ASBH-2""-WOS-349010-BM1",""
"/ASBHA-XCV-350101","SCINST","/ASBH-3""-WI-350086-BM1",""
"/ASBHA-XCV-350201","SCINST","/ASBH-3""-WI-350085-BM1",""
"/ASBHA-XCV-350301","SCINST","/ASBH-3""-WI-350084-BM1",""
"/ASBHA-XCV-350102","SCINST","/ASBH-4""-DPS-500401-BM1",""
"/ASBHA-PCV-350014","SCINST","/ASBH-16""-WI-350064-FD1",""
"/ASBHA-SDV-350021","SCINST","/ASBH-8""-WI-350004-FD1",""
"/ASBHA-PCV-350015","SCINST","/ASBH-8""-WI-350004-FD1",""
"/ASBHA-FE-353231","SCINST","/ASBH-20""-WI-353201-FD1",""
"/ASBHA-XCV-383208","SCINST","/ASBH-20""-WI-353201-FD1",""
"/ASBHA-FE-353331","SCINST","/ASBH-16""-WI-353301-FD1",""
"/ASBHA-XCV-383308","SCINST","/ASBH-16""-WI-353301-FD1",""
"/ASBHA-FE-353031","SCINST","/ASBH-14""-WI-353001-FD1",""
"/ASBHA-XCV-383008","SCINST","/ASBH-14""-WI-353001-FD1",""
"/ASBHA-FE-352831","SCINST","/ASBH-16""-WI-352801-FD1",""
"/ASBHA-XCV-382808","SCINST","/ASBH-16""-WI-352801-FD1",""
"/ASBHA-FE-350001","SCINST","/ASBH-16""-WI-350003-ED1",""
"/ASBHA-PSV-350003A","SCINST","/ASBH-6""-WI-350102-ED1",""
"/ASBHA-PSV-350003B","SCINST","/ASBH-6""-WI-350103-ED1",""
"/ASBHA-FE-353131","SCINST","/ASBH-20""-WI-353101-FD1",""
"/ASBHA-XCV-383108","SCINST","/ASBH-20""-WI-353101-FD1",""
"/ASBHA-RO-350051","SCINST","/ASBH-6""-WI-350080-BD1",""
"/ASBHA-PCV-350016","SCINST","/ASBH-8""-WI-350006-BD1",""
"/ASBHA-PSV-350006","SCINST","/ASBH-3""-WI-350105-BD1",""
"/ASBHA-RO-351161","SCINST","/ASBH-4""-WI-350107-BD1",""
"/ASBHA-PSV-354003","SCINST","/ASBH-4""-WI-354001-AR1",""
"/ASBHA-XCV-382802","SCINST","/ASBH-10""-WI-382804-FD4",""
"/ASBHA-XCV-382801","SCINST","/ASBH-10""-WI-382804-FD4",""
"/ASBHA-PSV-382807","SCINST","/ASBH-3""-WI-382802-FD1",""
"/ASBHA-XCV-382902","SCINST","/ASBH-8""-WI-382904-FD4",""
"/ASBHA-XCV-382901","SCINST","/ASBH-8""-WI-382904-FD4",""
"/ASBHA-PSV-382907","SCINST","/ASBH-3""-WI-382902-FD1",""
"/ASBHA-FE-352931","SCINST","/ASBH-12""-WI-352901-FD1",""
"/ASBHA-XCV-382908","SCINST","/ASBH-12""-WI-352901-FD1",""
"/ASBHA-XCV-383002","SCINST","/ASBH-10""-WI-383004-FD4",""
"/ASBHA-XCV-383001","SCINST","/ASBH-10""-WI-383004-FD4",""
"/ASBHA-PSV-383007","SCINST","/ASBH-3""-WI-383002-FD1",""
"/ASBHA-XCV-383102","SCINST","/ASBH-20""-WI-383104-FD4",""
"/ASBHA-XCV-383101","SCINST","/ASBH-20""-WI-383104-FD4",""
"/ASBHA-PSV-383107","SCINST","/ASBH-3""-WI-383102-FD1",""
"/ASBHA-XCV-383202","SCINST","/ASBH-20""-WI-383204-FD4",""
"/ASBHA-XCV-383201","SCINST","/ASBH-20""-WI-383204-FD4",""
"/ASBHA-PSV-383207","SCINST","/ASBH-3""-WI-383202-FD1",""
"/ASBHA-XCV-383302","SCINST","/ASBH-16""-WI-383304-FD4",""
"/ASBHA-XCV-383301","SCINST","/ASBH-16""-WI-383304-FD4",""
"/ASBHA-PSV-383307","SCINST","/ASBH-3""-WI-383302-FD1",""
"/ASBHA-SDV-570021","SCINST","/ASBH-2""-GFS-570019-BX1",""
"/ASBHA-PCV-570002","SCINST","/ASBH-2""-GFS-570019-BX1",""
"/ASBHA-FT-570041","SCINST","/ASBH-2""-FHS-570029-AD1",""
"/ASBHA-FT-570042","SCINST","/ASBH-2""-GFS-570026-AS1",""
"/ASBHA-PSV-570005A","SCINST","/ASBH-2""-GFS-570022-AD1",""
"/ASBHA-PSV-570005B","SCINST","/ASBH-2""-GFS-571020-AD1",""
"/ASBHA-RO-080052","SCINST","/ASBH-2""-GI-080021-AS1",""
"/ASBHA-RO-400053","SCINST","/ASBH-10""-FHS-408503-AD4",""
"/ASBHA-SDV-400001","SCINST","/ASBH-6""-FHS-408502-AD4",""
"/ASBHA-SDV-400301","SCINST","/ASBH-6""-DPS-400403-BX1",""
"/ASBHA-FE-400101","SCINST","/ASBH-24""-FHS-400056-AS1",""
"/ASBHA-SDV-400221","SCINST","/ASBH-3""-DPS-400408-BX1",""
"/ASBHA-RO-401101","SCINST","/ASBH-3""-DPS-400408-BX1",""
"/ASBHA-SDV-400121","SCINST","/ASBH-3""-DPS-400408-BX1",""
"/ASBHA-RO-400151","SCINST","/ASBH-2""-DPS-400411-BX1",""
"/ASBHA-RO-400152","SCINST","/ASBH-2""-DPS-400410-BX1",""
"/ASBHA-XCV-555301","SCINST","/ASBH-2""-AA-550009-AT1",""
"/ASBHA-RO-555344","SCINST","/ASBH-2""-AA-550009-AT1",""
"/ASBHA-FI-555301","SCINST","/ASBH-2""-AA-550009-AT1",""
"/ASBHA-XCV-555302","SCINST","/ASBH-2""-AA-550010-AT1",""
"/ASBHA-RO-555341","SCINST","/ASBH-2""-AA-550010-AT1",""
"/ASBHA-FI-555302","SCINST","/ASBH-2""-AA-550010-AT1",""
"/ASBHA-XCV-555303","SCINST","/ASBH-2""-AA-550011-AT1",""
"/ASBHA-RO-555342","SCINST","/ASBH-2""-AA-550011-AT1",""
"/ASBHA-FI-555345","SCINST","/ASBH-2""-AA-550011-AT1",""
"/ASBHA-FE-530201","SCINST","/ASBH-28""-WS-530002-AR1",""
"/ASBHA-FE-530301","SCINST","/ASBH-28""-WS-530003-AR1",""
"/ASBHA-FE-530101","SCINST","/ASBH-28""-WS-530001-AR1",""
"/ASBHA-FCV-530101","SCINST","/ASBH-20""-WS-530005-AR1",""
"/ASBHA-FCV-530201","SCINST","/ASBH-20""-WS-530006-AR1",""
"/ASBHA-FCV-530301","SCINST","/ASBH-20""-WS-530007-AR1",""
"/ASBHA-FE-530001","SCINST","/ASBH-36""-WS-530011-AR1",""
"/ASBHA-FCV-530401","SCINST","/ASBH-8""-WS-530008-AR1",""
"/ASBHA-FE-530401","SCINST","/ASBH-10""-WS-530004-AR1",""
"/ASBHA-PCV-530611","SCINST","/ASBH-6""-WS-530035-AR1",""
"/ASBHA-FCV-352102","SCINST","/ASBH-24""-WS-350010-AR1",""
"/ASBHA-FE-352102","SCINST","/ASBH-24""-WS-350010-AR1",""
"/ASBHA-PCV-350011","SCINST","/ASBH-36""-WS-350007-AR1",""
"/ASBHA-RO-530002","SCINST","/ASBH-6""-WS-534006-AR1",""
"/ASBHA-XCV-530002","SCINST","/ASBH-6""-WS-534006-AR1",""
"/ASBHA-RO-530001","SCINST","/ASBH-6""-WS-534003-AR1",""
"/ASBHA-XCV-530001","SCINST","/ASBH-6""-WS-534003-AR1",""
"/ASBHA-PSV-530001","SCINST","/ASBH-2""-FHS-534011-AD1",""
"/ASBHA-PSV-530002","SCINST","/ASBH-2""-FHS-534015-AD1",""
"/ASBHA-XCV-530008","SCINST","/ASBH-14""-WS-534025-AR1",""
"/ASBHA-XCV-353020","SCINST","/ASBH-14""-WI-355164-AR1",""
"/ASBHA-XCV-353019","SCINST","/ASBH-10""-WI-355165-AR1",""
"/ASBHA-XCV-35XX16","SCINST","/ASBH-10""-WI-355170-AR1",""
"/ASBHA-XCV-3530XX","SCINST","/ASBH-8""-WI-355167-AR1",""
"/ASBHA-XCV-530003","SCINST","/ASBH-10""-WS-534018-AR1",""
"/ASBHA-FCV-531001","SCINST","/ASBH-10""-WS-534018-AR1",""
"/ASBHA-XCV-540001","SCINST","=1073788218/22567",""
"/ASBHA-XCV-353018","SCINST","/ASBH-4""-WI-355174-AR1",""
"/ASBHA-XCV-353017","SCINST","/ASBH-4""-WI-355173-AR1",""
"/ASBHA-XCV-530006","SCINST","/ASBH-6""-WS-534022-AR1",""
"/ASBHA-XCV-530005","SCINST","/ASBH-8""-WS-534021-AR1",""
"/ASBHA-XCV-530004","SCINST","/ASBH-8""-WS-534023-AR1",""
"/ASBHA-XCV-530007","SCINST","/ASBH-4""-WS-534026-AR1",""
"/ASBHA-XCV-353014","SCINST","/ASBH-10""-WI-355029-AR1",""
"/ASBHA-XCV-353015","SCINST","/ASBH-3""-CY-355116-AR1",""
"/ASBHA-XCV-353016","SCINST","/ASBH-14""-CY-355015-AR1",""
"/ASBHA-RO-390901","SCINST","/ASBH-4""-CY-392171-AR1",""
"/ASBHA-PCV-393001","SCINST","/ASBH-2""-CY-392127-AS1",""
"/ASBHA-FI-393001","SCINST","/ASBH-2""-CY-392127-AS1",""
"/ASBHA-PSV-393001","SCINST","/ASBH-0.5""-CY-392183-IT1",""
"/ASBHA-PSV-394001","SCINST","/ASBH-0.5""-CY-392182-IT1",""
"/ASBHA-XCV-393001","SCINST","/ASBH-2""-CY-392185-AS1",""
"/ASBHA-PCV-393401","SCINST","/ASBH-1.5""-AA-392128-AH1",""
"/ASBHA-FI-393401","SCINST","/ASBH-1.5""-AA-392128-AH1",""
"/ASBHA-PSV-393401","SCINST","/ASBH-0.75""-AA-392203-AH1",""
"/ASBHA-PSV-394401","SCINST","/ASBH-0.75""-AA-392204-AH1",""
"/ASBHA-PCV-393201","SCINST","/ASBH-1""-CY-392191-AH1",""
"/ASBHA-FI-393201","SCINST","/ASBH-1""-CY-392191-AH1",""
"/ASBHA-XCV-393201","SCINST","/ASBH-1""-CY-392191-AH1",""
"/ASBHA-PSV-393201","SCINST","/ASBH-0.5""-CY-392193-AH1",""
"/ASBHA-PSV-394201","SCINST","/ASBH-0.5""-CY-392194-AH1",""
"/AS-XCV-393601","SCINST","/ASBH-2""-CY-392214-AH1",""
"/ASBHA-PCV-393601","SCINST","/ASBH-2""-CY-392126-AH1",""
"/ASBHA-FI-393601","SCINST","/ASBH-2""-CY-392126-AH1",""
"/ASBHA-PSV-393601","SCINST","/ASBH-1""-CY-392212-AH1",""
"/ASBHA-PSV-394601","SCINST","/ASBH-1""-CY-392213-AH1",""
"/ASBHA-PCV-393801","SCINST","/ASBH-0.5""-CY-392130-AT1",""
"/ASBHA-FI-393801","SCINST","/ASBH-0.5""-CY-392130-AT1",""
"/ASBHA-PSV-393801","SCINST","/ASBH-0.5""-CY-392222-AT1",""
"/ASBHA-PSV-394801","SCINST","/ASBH-0.5""-CY-392223-AT1",""
"/ASBHA-XCV-390007","SCINST","/ASBH-14""-CY-509124-AT1",""
"/ASBHA-SDV-392001","SCINST","/ASBH-1""-CB-391001-IT1",""
"/ASBHA-PSV-351106E","SCINST","/ASBH-12""-WI-350114-AR1",""
"/ASBHA-PSV-351106B","SCINST","/ASBH-12""-WI-350014-AR1",""
"/ASBHA-PSV-351106C","SCINST","/ASBH-12""-WI-350015-AR1",""
"/ASBHA-PSV-351106A","SCINST","/ASBH-12""-WI-350012-AR1",""
"/ASBHA-SDV-350022","SCINST","/ASBH-24""-WS-350009-AR1",""
"/ASBHA-FCV-351102","SCINST","/ASBH-24""-WS-350009-AR1",""
"/ASBHA-FE-351102","SCINST","/ASBH-24""-WS-350009-AR1",""
"/ASBHA-PSV-351106D","SCINST","/ASBH-12""-WI-350112-AR1",""
"/ASBHA-SOV-351207","SCINST","=1073763642/120424",""
"/ASBHA-SOV-351501","SCINST","=1073763642/120424",""
"/ASBHA-XCV-351501","SCINST","/ASBH-6""-WI-356193-AR1",""
"/ASBHA-XCV-351207","SCINST","/ASBH-6""-WI-356191-AR1",""
"/ASBHA-PSV-352106E","SCINST","/ASBH-12""-WI-350115-AR1",""
"/ASBHA-PSV-352106D","SCINST","/ASBH-12""-WI-350113-AR1",""
"/ASBHA-PSV-352106A","SCINST","/ASBH-12""-WI-350021-AR1",""
"/ASBHA-PSV-352106B","SCINST","/ASBH-12""-WI-350023-AR1",""
"/ASBHA-PSV-352106C","SCINST","/ASBH-12""-WI-350024-AR1",""
"/ASBHA-SDV-392002","SCINST","/ASBH-1""-CB-391002-IT1",""
"/ASBHA-SDV-500207","SCINST","/ASBH-4""-DPS-500162-AX2",""
"/ASBHA-RO-500451","SCINST","/ASBH-2""-DPS-500187-AX1",""
"/ASBHA-RO-500351","SCINST","/ASBH-2""-DPS-500186-AX1",""
"/ASBHA-RO-500305","SCINST","/ASBH-3""-DPS-500165-AX1",""
"/ASBHA-FT-080001","SCINST","/ASBH-2""-GI-080007-AD1",""
"/ASBHA-RO-500251","SCINST","/ASBH-2""-DO-500209-AR1",""
"/ASBHA-RO-500151","SCINST","/ASBH-2""-DO-500409-AR1",""
"/ASBHA-XCV-550002","SCINST","/ASBH-2""-AA-550002-AT1",""
"/ASBHA-FI-550002","SCINST","/ASBH-2""-AA-550002-AT1",""
"/ASBHA-RO-550001","SCINST","/ASBH-2""-AA-550002-AT1",""
"/ASBHA-FT-080541","SCINST","/ASBH-2""-GI-080008-AD1",""
"/ASBHA-XCV-555304","SCINST","/ASBH-2""-AA-550003-AT1",""
"/ASBHA-RO-555343","SCINST","/ASBH-2""-AA-550003-AT1",""
"/ASBHA-FI-555304","SCINST","/ASBH-2""-AA-550003-AT1",""
"/ASBHA-XCV-550121","SCINST","/ASBH-2""-AA-550008-AT1",""
"/ASBHA-FI-550001","SCINST","/ASBH-2""-AA-550008-AT1",""
"/ASBHA-RO-550101","SCINST","/ASBH-2""-AA-550008-AT1",""
"/ASBHA-PCV-550301","SCINST","/ASBH-3""-WS-552022-AR1",""
"/ASBHA-RO-500301","SCINST","/ASBH-1""-DO-504053-AM1",""
"/ASBHA-RO-550302","SCINST","/ASBH-1.5""-WS-552021-AM1",""
"/ASBHA-XCV-550301","SCINST","/ASBH-3""-DO-550301-AM1",""
"/ASBHA-PSV-550302","SCINST","/ASBH-1.5""-GPS-552015-AD4",""
"/ASBHA-PSV-550301","SCINST","/ASBH-1.5""-GPS-552014-AD4",""
"/ASBHA-FI-551305","SCINST","/ASBH-1""-WS-552025-AM1",""
"/ASBHA-RO-551301","SCINST","/ASBH-2""-DO-554057-AM1",""
"/ASBHA-RO-551302","SCINST","/ASBH-3""-DO-550402-AM1",""
"/ASBHA-XCV-551301","SCINST","/ASBH-3""-WS-552026-AM1",""
"/ASBHA-FI-550305","SCINST","/ASBH-1""-DO-552017-AM1",""
"/ASBHA-FI-392003","SCINST","/ASBH-2""-DO-392017-AM1",""
"/ASBHA-XCV-392001","SCINST","/ASBH-2""-DO-392017-AM1",""
"/ASBHA--55","SCINST","/ASBH-1""-AA-552003-AT1",""
"/ASBHA-XCV-550110","SCINST","/ASBH-1""-AA-552003-AT1",""
"/ASBHA-FI-550104","SCINST","/ASBH-3""-AA-552002-AT1",""
"/ASBHA-XV-550111","SCINST","/ASBH-3""-AA-552002-AT1",""
"/ASBHA-XCV-550112","SCINST","/ASBH-1.5""-AA-552005-AT1",""
"/ASBHA-XCV-550114","SCINST","/ASBH-0.5""-AA-552007-AT1",""
"/ASBHA-XCV-550116","SCINST","/ASBH-2""-AA-552009-AT1",""
"/ASBHA-PCV-390105","SCINST","/ASBH-0.5""-CI-392009-IT1",""
"/ASBHA-SDV-390130","SCINST","/ASBH-0.5""-CI-390034-IT1",""
"/ASBHA-FCV-390108","SCINST","/ASBH-0.5""-CI-392012-IT1",""
"/ASBHA-SDV-390113","SCINST","/ASBH-0.5""-CI-390010-IT1",""
"/ASBHA-PSV-392104","SCINST","/ASBH-0.5""-CI-392014-IT1",""
"/ASBHA-PSV-391104","SCINST","/ASBH-0.5""-CI-392015-IT1",""
"/ASBHA-FCV-390111","SCINST","/ASBH-0.5""-CI-392013-IT1",""
"/ASBHA-SDV-390230","SCINST","/ASBH-1""-CB-390012-IT1",""
"/ASBHA-SDV-390232","SCINST","/ASBH-1""-CB-390013-IT1",""
"/ASBHA-SDV-391401","SCINST","/ASBH-1""-CB-390014-IT1",""
"/ASBHA-PCV-390205","SCINST","/ASBH-0.75""-CI-392024-IT1",""
"/ASBHA-PSV-392204","SCINST","/ASBH-0.5""-CI-392252-IT1",""
"/ASBHA-PSV-391204","SCINST","/ASBH-0.5""-CB-392251-IT1",""
"/ASBHA-FE-390217","SCINST","/ASBH-0.5""-CI-392028-IT1",""
"/ASBHA-FCV-390218","SCINST","/ASBH-0.5""-CI-392028-IT1",""
"/ASBHA-FCV-390213","SCINST","/ASBH-0.25""-CI-392029-IT1",""
"/ASBHA-FCV-390208","SCINST","/ASBH-0.25""-CI-392030-IT1",""
"/ASBHA-PCV-390305","SCINST","/ASBH-0.5""-CI-392040-IT1",""
"/ASBHA-PSV-391304","SCINST","/ASBH-0.5""-CI-392121-IT1",""
"/ASBHA-PSV-392304","SCINST","/ASBH-0.5""-CI-392031-IT1",""
"/ASBHA-SDV-390330","SCINST","/ASBH-0.5""-CD-390016-IT1",""
"/ASBHA-FCV-390308","SCINST","/ASBH-0.25""-CI-392043-IT1",""
"/ASBHA-FCV-390413","SCINST","/ASBH-0.5""-CI-392055-IT1",""
"/ASBHA-FCV-390408","SCINST","/ASBH-0.5""-CI-392056-IT1",""
"/ASBHA-SDV-390432","SCINST","/ASBH-0.5""-CF-390018-IT1",""
"/ASBHA-PCV-390405","SCINST","/ASBH-1""-CI-392052-IT1",""
"/ASBHA-PSV-392404","SCINST","/ASBH-0.5""-CI-392113-IT1",""
"/ASBHA-PSV-391404","SCINST","/ASBH-0.5""-CI-392114-IT1",""
"/ASBHA-PCV-390505","SCINST","/ASBH-0.5""-CI-392066-IT1",""
"/ASBHA-PSV-391504","SCINST","/ASBH-0.75""-CI-392057-IT1",""
"/ASBHA-PSV-392504","SCINST","/ASBH-0.5""-CI-392061-IT1",""
"/ASBHA-FE-390512","SCINST","/ASBH-0.5""-CI-392069-IT1",""
"/ASBHA-FCV-390513","SCINST","/ASBH-0.5""-CI-392069-IT1",""
"/ASBHA-FE-390507","SCINST","/ASBH-0.5""-CI-392070-IT1",""
"/ASBHA-FCV-390508","SCINST","/ASBH-0.5""-CI-392070-IT1",""
"/ASBHA-SDV-390530","SCINST","/ASBH-0.5""-CI-390019-IT1",""
"/ASBHA-SDV-390532","SCINST","/ASBH-0.5""-CI-390020-IT1",""
"/ASBHA-SDV-390630","SCINST","/ASBH-1""-CB-390021-IT1",""
"/ASBHA-PSV-391604","SCINST","/ASBH-0.5""-CI-392116-IT1",""
"/ASBHA-FE-390607","SCINST","/ASBH-0.5""-CI-392084-IT1",""
"/ASBHA-FCV-390608","SCINST","/ASBH-0.5""-CI-392084-IT1",""
"/ASBHA-FE-390612","SCINST","/ASBH-0.5""-CI-392083-IT1",""
"/ASBHA-FCV-390613","SCINST","/ASBH-0.5""-CI-392083-IT1",""
"/ASBHA-SDV-390632","SCINST","/ASBH-1""-CB-390022-IT1",""
"/ASBHA-PCV-390605","SCINST","/ASBH-0.5""-CI-392080-IT1",""
"/ASBHA-PSV-392604","SCINST","/ASBH-0.5""-CI-392115-IT1",""
"/ASBHA-FCV-390713","SCINST","/ASBH-0.5""-CF-392097-IT1",""
"/ASBHA-FCV-390708","SCINST","/ASBH-0.5""-CF-390098-IT1",""
"/ASBHA-PSV-392704","SCINST","/ASBH-0.5""-CI-392118-IT1",""
"/ASBHA-PSV-391704","SCINST","/ASBH-0.5""-CI-392117-IT1",""
"/ASBHA-PCV-390705","SCINST","/ASBH-0.5""-CI-392094-IT1",""
"/ASBHA-SDV-390730","SCINST","/ASBH-0.5""-CF-390023-IT1",""
"/ASBHA-SDV-390732","SCINST","/ASBH-0.5""-CF-390024-IT1",""
"/ASBHA-SDV-390830","SCINST","/ASBH-0.5""-CX-390025-IT1",""
"/ASBHA-SDV-390832","SCINST","/ASBH-0.5""-CX-390026-IT1",""
"/ASBHA-FE-390807","SCINST","/ASBH-0.5""-CI-392112-IT1",""
"/ASBHA-FCV-390808","SCINST","/ASBH-0.5""-CI-392112-IT1",""
"/ASBHA-FCV-390811","SCINST","/ASBH-0.5""-CI-392111-IT1",""
"/ASBHA-PCV-390805","SCINST","/ASBH-0.5""-CI-392108-IT1",""
"/ASBHA-PSV-392804","SCINST","/ASBH-0.5""-CI-392120-IT1",""
"/ASBHA-PSV-391804","SCINST","/ASBH-0.5""-CI-392119-IT1",""
"/ASBHA-FE-540141","SCINST","/ASBH-3""-AI-540005-AS1",""
"/ASBHA-PSV-540001","SCINST","/ASBH-3""-AI-541021-AS1",""
"/ASBHA-SOV-501101","SCINST","/ASBH-0.5""-DO-504015-IT1",""
"/ASBHA-SOV-541101","SCINST","/ASBH-3""-AI-541005-AS1",""
"/ASBHA-XCV-54XXXX","SCINST","/ASBH-3""-AI-541006-AS1",""
"/ASBHA-SG-501501","SCINST","/ASBH-2""-OL-504023-IT1",""
"/ASBHA-TV-581501","SCINST","/ASBH-1""-OL-580077-AS1",""
"/ASBHA-SOV-501202","SCINST","/ASBH-0.5""-DO-509129-IT1",""
"/ASBHA-PSV-541201","SCINST","/ASBH-3""-AI-541023-AS1",""
"/ASBHA-PLV-581501","SCINST","/ASBH-2""-OL-580073-IT1",""
"/ASBHA-SDV-541502","SCINST","/ASBH-ILINE-0533-04",""
"/ASBHA-PRV-541502","SCINST","/ASBH-ILINE-0533-04",""
"/ASBHA-SDV-541501","SCINST","/ASBH-ILINE-0533-04",""
"/ASBHA-PRV-541501","SCINST","/ASBH-ILINE-0533-04",""
"/ASBHA-SDV-541601","SCINST","/ASBH-ILINE-0533-04",""
"/ASBHA-PRV-541601","SCINST","/ASBH-ILINE-0533-04",""
"/ASBHA-SDV-541602","SCINST","/ASBH-ILINE-0533-04",""
"/ASBHA-PRV-541602","SCINST","/ASBH-ILINE-0533-04",""
"/ASBHA-SOV-541503","SCINST","/ASBH-2""-AI-541063-AS1",""
"/ASBHA-RO-541501","SCINST","/ASBH-2""-AI-541063-AS1",""
"/ASBHA-PSV-541501","SCINST","/ASBH-3""-AI-541073-AS1",""
"/ASBHA-PSV-541601","SCINST","/ASBH-3""-AI-541076-AS1",""
"/ASBHA-XV-541502","SCINST","/ASBH-2""-AI-541046-AS1",""
"/ASBHA-XV-541501","SCINST","/ASBH-3""-AI-541054-AS1",""
"/ASBHA-XV-541601","SCINST","/ASBH-3""-AI-541065-AS1",""
"/ASBHA-XV-541602","SCINST","/ASBH-2""-AU-541056-AS1",""
"/ASBHA-PCV-541801","SCINST","/ASBH-2""-AI-541064-AS1",""
"/ASBHA-RO-541601","SCINST","/ASBH-2""-AI-541061-AS1",""
"/ASBHA-XCV-541301","SCINST","/ASBH-2""-AI-541044-AS1",""
"/ASBHA-SOV-541402","SCINST","/ASBH-2""-AI-541045-AS1",""
"/ASBHA-SOV-541302","SCINST","/ASBH-2""-AI-541051-AS1",""
"/ASBHA-SOV-541301","SCINST","/ASBH-ILINE-0533-06",""
"/ASBHA-PRVXV-541301","SCINST","/ASBH-ILINE-0533-06",""
"/ASBHA-SOV-541401","SCINST","/ASBH-0.75""-AI-549139-IT1",""
"/ASBHA-PSV-540102","SCINST","/ASBH-4""-AI-540011-AS1",""
"/ASBHA-PCV-540105","SCINST","/ASBH-3""-AI-540007-AS1",""
"/ASBHA-PCV-540104","SCINST","/ASBH-3""-AI-540007-AS1",""
"/ASBHA-SDV-540121","SCINST","/ASBH-3""-AI-540008-AS1",""
"/ASBHA-PCV-540107","SCINST","/ASBH-3""-AI-540008-AS1",""
"/ASBHA-RO-080051","SCINST","/ASBH-2""-GI-080009-AD1",""
"/ASBHA-PCV-080301","SCINST","/ASBH-2""-GI-081010-FD1",""
"/ASBHA-PCV-080111","SCINST","/ASBH-2""-GI-080002-FD1",""
"/ASBHA-PCV-080211","SCINST","/ASBH-2""-GI-080001-FD1",""
"/ASBHA-SDV-080301","SCINST","/ASBH-2""-GI-080001-FD1",""
"/ASBHA-RO-080303","SCINST","/ASBH-2""-GI-080001-FD1",""
"/ASBHA-PCV-080304","SCINST","/ASBH-2""-GI-080001-FD1",""
"/ASBHA-PSV-080308","SCINST","/ASBH-2""-GI-080004-AD1",""
"/ASBHA-PCV-080305","SCINST","/ASBH-2""-GI-080022-FD1",""
"/ASBHA-LCV-100001","SCINST","/ASBH-2""-WP-100001-AR1",""
"/ASBHA-RO-100251","SCINST","/ASBH-2""-WP-100007-AR1",""
"/ASBHA-RO-100151","SCINST","/ASBH-2""-WP-100005-AR1",""
"/ASBHA-PCV-101002","SCINST","/ASBH-2""-WP-100008-AR1",""
"/ASBHA-PCV-100009","SCINST","/ASBH-2""-WP-100008-AR1",""
"/ASBHA-PCV-101003","SCINST","/ASBH-2""-WP-102001-AR1",""
"/ASBHA-XCV-100102","SCINST","=1073780026/20171",""
"/ASBHA-XCV-100104","SCINST","=1073780026/20171",""
"/ASBHA-PCV-101004","SCINST","=1073780026/20171",""
"/ASBHA-FI-100001","SCINST","=1073780026/20171",""
"/ASBHA--10","SCINST","=1073780026/20171",""
"/ASBHA-XCV-100103","SCINST","=1073780026/20171",""
"/ASBHA-XCV-100105","SCINST","/ASBH-1.5""-WS-531012-AR1",""
"/ASBHA-PSV-100005","SCINST","/ASBH-1.5""-WS-101055-AR1",""
"/ASBHA-PSV-100006","SCINST","/ASBH-1.5""-WS-101056-AR1",""
"/ASBHA-XCV-100204","SCINST","/ASBH-1.5""-WS-101013-AR1",""
"/ASBHA-XCV-100101","SCINST","/ASBH-1.5""-WS-101047-AR1",""
"/ASBHA-FI-101101","SCINST","/ASBH-1""-WP-101066-AR1",""
"/ASBHA-XCV-101401","SCINST","/ASBH-1""-WS-101070-AR1",""
"/ASBHA-XCV-100116","SCINST","/ASBH-1.5""-WW-101063-AR1",""
"/ASBHA-FI-10","SCINST","/ASBH-1.5""-WW-101064-AR1",""
"/ASBHA-FIT-100101","SCINST","/ASBH-1""-WP-101017-AR1",""
"/ASBHA-PSV-100010","SCINST","/ASBH-1""-WS-101061-AR1",""
"/ASBHA-XCV-100401","SCINST","/ASBH-1""-WP-101022-AR1",""
"/ASBHA-PSV-100007","SCINST","/ASBH-1""-WS-101038-AR1",""
"/ASBHA-XCV-100106","SCINST","/ASBH-1.5""-WW-101071-AR1",""
"/ASBHA-FI-102000","SCINST","/ASBH-1.5""-WW-101015-AR1",""
"/ASBHA-FI-100002","SCINST","=1073780026/20589",""
"/ASBHA-PCV-100007","SCINST","/ASBH-2""-WP-101003-AR1",""
"/ASBHA-PCV-101001","SCINST","/ASBH-2""-WP-100025-AR1",""
"/ASBHA-PSV-541001","SCINST","=1073796410/9776",""
"/ASBHA-PSV-060501A","SCINST","/ASBH-2""-AB-060011-AS1",""
"/ASBHA-PSV-060501B","SCINST","/ASBH-2""-AB-060012-AS1",""
"/ASBHA-PCV-060301","SCINST","/ASBH-0.75""-AB-060001-IT1",""
"/ASBHA-PCV-060302","SCINST","/ASBH-0.75""-AB-060002-IT1",""
"/ASBHA-XCV-030001","SCINST","/ASBH-10""-WF-030027-AR1",""
"/ASBHA-PCV-030025","SCINST","/ASBH-4""-WF-031004-AR1",""
"/ASBHA-PCV-030026","SCINST","/ASBH-4""-WF-031004-AR1",""
"/ASBHA-PCV-030008","SCINST","/ASBH-4""-WF-030012-AR1",""
"/ASBHA-PCV-030007","SCINST","/ASBH-4""-WF-030012-AR1",""
"/ASBHA-PCV-030010","SCINST","/ASBH-4""-WF-030013-AR1",""
"/ASBHA-PCV-030009","SCINST","/ASBH-4""-WF-030013-AR1",""
"/ASBHA-PCV-030012","SCINST","/ASBH-4""-WF-030014-AR1",""
"/ASBHA-PCV-030011","SCINST","/ASBH-4""-WF-030014-AR1",""
"/ASBHA-PCV-030006","SCINST","/ASBH-4""-WF-030005-AR1",""
"/ASBHA-PCV-030005","SCINST","/ASBH-4""-WF-030005-AR1",""
"/ASBHA-PCV-030004","SCINST","/ASBH-4""-WF-030004-AR1",""
"/ASBHA-PCV-030003","SCINST","/ASBH-4""-WF-030004-AR1",""
"/ASBHA-PCV-030002","SCINST","/ASBH-4""-WF-030003-AR1",""
"/ASBHA-PCV-030001","SCINST","/ASBH-4""-WF-030003-AR1",""
"/ASBHA-XCV-030002","SCINST","/ASBH-6""-WF-030028-AR1",""
"/ASBHA-PCV-030019","SCINST","/ASBH-4""-WF-030024-AR1",""
"/ASBHA-PCV-030020","SCINST","/ASBH-4""-WF-030024-AR1",""
"/ASBHA-PCV-030021","SCINST","/ASBH-4""-WF-030025-AR1",""
"/ASBHA-PCV-030022","SCINST","/ASBH-4""-WF-030025-AR1",""
"/ASBHA-PCV-030023","SCINST","/ASBH-4""-WF-030026-AR1",""
"/ASBHA-PCV-030024","SCINST","/ASBH-4""-WF-030026-AR1",""
"/ASBHA-PCV-030017","SCINST","/ASBH-4""-WF-030018-AR1",""
"/ASBHA-PCV-030018","SCINST","/ASBH-4""-WF-030018-AR1",""
"/ASBHA-PCV-030015","SCINST","/ASBH-4""-WF-030017-AR1",""
"/ASBHA-PCV-030016","SCINST","/ASBH-4""-WF-030017-AR1",""
"/ASBHA-PCV-030013","SCINST","/ASBH-4""-WF-030016-AR1",""
"/ASBHA-PCV-030014","SCINST","/ASBH-4""-WF-030016-AR1",""
"/ASBHA-XCV-030003","SCINST","/ASBH-10""-WF-030029-AR1",""
"/ASBHA-PCV-030027","SCINST","/ASBH-4""-WF-031005-AR1",""
"/ASBHA-PCV-030028","SCINST","/ASBH-4""-WF-031005-AR1",""
"/ASBHA-PCV-030032","SCINST","/ASBH-4""-WF-031001-AR1",""
"/ASBHA-PCV-030031","SCINST","/ASBH-4""-WF-031001-AR1",""
"/ASBHA-PCV-030030","SCINST","/ASBH-4""-WF-031006-AR1",""
"/ASBHA-PCV-030029","SCINST","/ASBH-4""-WF-031006-AR1",""
"/ASBHA-RO-030006","SCINST","/ASBH-6""-WF-030035-AK1",""
"/ASBHA-RO-030007","SCINST","/ASBH-8""-WF-030031-AK1",""
"/ASBHA-RO-030004","SCINST","/ASBH-8""-WF-030033-AK1",""
"/ASBHA-RO-030003","SCINST","/ASBH-6""-WF-030037-AK1",""
"/ASBHA-RO-030002","SCINST","/ASBH-8""-WF-030041-AK1",""
"/ASBHA-RO-030005","SCINST","/ASBH-8""-WF-030039-AK1",""
"/ASBHA-BDV-340023","SCINST","/ASBH-4""-GPS-340138-AX2",""
"/ASBHA-RO-340042","SCINST","/ASBH-4""-GPS-340138-AX2",""
"/ASBHA-ESDV-570004","SCINST","/ASBH-2""-OD-570001-AD1",""
"/ASBHA-ESDV-400012","SCINST","/ASBH-8""-FHS-400059-AS1",""
"/ASBHA-ESDV-400013","SCINST","/ASBH-8""-FHS-400059-AS1",""
"/ASBHA-ESDV-450001","SCINST","/ASBH-8""-GPS-450001-FD1",""
"/ASBHA-PCV-450012","SCINST","/ASBH-8""-GPS-450001-FD1",""
"/ASBHA-XCV-500120","SCINST","/ASBH-2""-DPS-500134-AD1",""
"/ASBHA-PSV-360021","SCINST","/ASBH-3""-OCS-360006-BD1",""
"/ASBHA-PSV-570003","SCINST","/ASBH-2""-OD-570003-AD1",""
"/ASBHA-PSV-340025","SCINST","/ASBH-3""-OCS-340343-BD1",""
"/ASBHA-ESDV-450002","SCINST","/ASBH-2""-GPS-450005-FD1",""
"/ASBHA-RO-450005","SCINST","/ASBH-2""-GPS-450005-FD1",""
"/ASBHA-RO-440053","SCINST","/ASBH-2""-GPS-440021-ED1-P",""
"/ASBHA-ESDV-440022","SCINST","/ASBH-2""-GPS-440021-ED1-P",""
"/ASBHA-ESDV-570003","SCINST","/ASBH-3""-GFS-570020-BS1-T",""
"/ASBHA-BDV-450003","SCINST","/ASBH-4""-GPS-450013-GS1",""
"/ASBHA-RO-450003","SCINST","/ASBH-4""-GPS-450013-GS1",""
"/ASBHA-BDV-440003","SCINST","/ASBH-4""-GPS-449001-FS1",""
"/ASBHA-RO-440052","SCINST","/ASBH-4""-GPS-449001-FS1",""
"/ASBHA-ESDV-360002","SCINST","/ASBH-16""-OCS-360005-BD1",""
"/ASBHA-ESDV-360001","SCINST","/ASBH-16""-OCS-360005-BD1",""
"/ASBHA-ESDV-340027","SCINST","/ASBH-36""-GPS-340136-AX2",""
"/ASBHA-PSV-360022","SCINST","/ASBH-3""-OCS-360012-BD1",""
"/ASBHA-BDV-340028","SCINST","/ASBH-4""-GPS-340137-AX2",""
"/ASBHA-RO-340043","SCINST","/ASBH-4""-GPS-340137-AX2",""
"/ASBHA-PSV-340024","SCINST","/ASBH-3""-OCS-340050-BD1",""
"/ASBHA-ESDV-440023","SCINST","/ASBH-12""-GPS-440002-ED1-P",""
"/ASBHA-BDV-440002","SCINST","/ASBH-4""-GPS-440029-FS1-P",""
"/ASBHA-RO-440051","SCINST","/ASBH-4""-GPS-440029-FS1-P",""
"/ASBHA-ESDV-570002","SCINST","/ASBH-4""-GFS-570018-BX1-T",""
"/ASBHA-PCV-570024A","SCINST","/ASBH-4""-GFS-570018-BX1-T",""
"/ASBHA-SDV-350023","SCINST","/ASBH-36""-WS-350008-AR1",""
